DROP DATABASE IF EXISTS dealership_db;

CREATE DATABASE IF NOT EXISTS dealership_db;
USE dealership_db;

CREATE TABLE dealerships(
	dealership_id int NOT NULL auto_increment,
    dealership_name varchar(50) NOT NULL,
    address varchar(50),
    phone_number varchar(12),
    PRIMARY KEY(dealership_id)
);

CREATE TABLE vehicles(
	vin int NOT NULL,
    year int NOT NULL,
    make varchar(50) NOT NULL,
    model varchar(50) NOT NULL,
    vehicle_type varchar(30),
    color varchar(30) NOT NULL,
    odometer int NOT NULL,
    price decimal(10,2) NOT NULL,
    sold varchar(3),
    PRIMARY KEY(vin)
);

CREATE TABLE inventory(
	inventory_id int NOT NULL auto_increment,
	dealership_id int NOT NULL,
    vin int NOT NULL,
    PRIMARY KEY(inventory_id),
    FOREIGN KEY(dealership_id) REFERENCES dealerships(dealership_id),
    FOREIGN KEY(vin)REFERENCES vehicles(vin)
);

CREATE TABLE sales_contracts(
	contract_id int NOT NULL auto_increment,
    vin int NOT NULL,
    sales_tax_amount double,
    recording_fee decimal(8,2),
    processing_fee decimal(10,2),
    financing_choice varchar(3),
    PRIMARY KEY(contract_id),
    FOREIGN KEY(vin) REFERENCES vehicles(vin)
);

CREATE TABLE lease_contracts(
	contract_id int NOT NULL auto_increment,
    vin int NOT NULL,
    expected_ending_value decimal(10,2),
    lease_fee decimal(8,2),
    PRIMARY KEY(contract_id),
    FOREIGN KEY(vin) REFERENCES vehicles(vin)
);

INSERT INTO dealerships(dealership_name, address, phone_number)
	VALUE('Car Craze','104 Pine Road','345-172-0896'),
		('Auto Haven','8530 First Avenue','720-145-9638'),
		('Speedy Motors','567 Oak Avenue','987-654-3210'),
		('Mega Wheels','210 Elm Street','456-789-0123'),
		('Fastlane Motors','431 Cedar Lane','876-543-2109'),
		('City Auto Mall','753 Birch Road','234-567-8901'),
		('Golden Wheels','632 Pine Avenue','109-876-5432'),
		('High Gear Motors','978 Walnut Street','890-123-4567'),
		('Supreme Cars','654 Birch Road','234-567-8901'),
		('Precision Auto','876 Elm Avenue','345-678-9012');

INSERT INTO vehicles(vin, year, make, model, vehicle_type, color, odometer, price, sold)
	VALUE(10112,1993,'Ford','Explorer','SUV','Red',525123,995.00,'yes'),
		(37846,2012,'Honda','Civic','Sedan','Gray',103221,6995.00,'no'),
		(44875,2006,'Nissan','Altima','Sedan','Blue',137850,3995.00,'yes'),
		(27483,2018,'Toyota','Camry','Sedan','White',42123,17995.00,'no'),
		(56291,2015,'Chevrolet','Silverado','Truck','Black',87250,23995.00,'no'),
		(93742,2019,'Ford','F-150','Truck','Red',30210,32995.00,'yes'),
		(65837,2014,'Honda','Accord','Sedan','Silver',61500,12995.00,'no'),
		(34980,2009,'Toyota','Corolla','Sedan','Blue',98755,5995.00,'no'),
		(82376,2016,'Nissan','Rogue','SUV','Gray',46000,16995.00,'no'),
		(48721,2011,'Ford','Mustang','Coupe','Red',75000,13995.00,'no'),
		(15689,2017,'Hyundai','Sonata','Sedan','Black',36000,14995.00,'no'),
		(72654,2013,'Chevrolet','Malibu','Sedan','White',80230,8995.00,'no'),
		(36598,2010,'Honda','CR-V','SUV','Green',112450,10995.00,'no'),
		(84239,2012,'Toyota','Sienna','Van','Silver',94000,13995.00,'no'),
		(20475,2008,'Nissan','Sentra','Sedan','Gray',128500,4995.00,'no'),
		(61937,2019,'Subaru','Outback','SUV','Blue',20500,25995.00,'yes'),
		(50328,2015,'Ford','Escape','SUV','Black',63500,17995.00,'no'),
		(10987,2007,'Chevrolet','Impala','Sedan','Red',144200,4495.00,'no'),
		(78432,2018,'Honda','Pilot','SUV','White',31200,29995.00,'yes'),
		(27654,2014,'Toyota','Tacoma','Truck','Silver',70500,23995.00,'no'),
		(62193,2010,'Ford','Focus','Hatchback','Blue',99800,5995.00,'no'),
		(43827,2016,'Nissan','Versa','Sedan','Gray',48000,7995.00,'no'),
		(89523,2005,'Honda','Odyssey','Van','Silver',169500,3995.00,'no'),
		(12345,2013,'Toyota','Rav4','SUV','Blue',78000,14995.00,'no'),
		(67890,2016,'Ford','Fusion','Sedan','Silver',55000,12995.00,'no'),
		(24680,2011,'Honda','Fit','Hatchback','Red',89000,7995.00,'no'),
		(13579,2017,'Chevrolet','Equinox','SUV','Black',42000,18995.00,'no'),
		(98765,2014,'Nissan','Maxima','Sedan','White',69000,15995.00,'no'),
		(54321,2009,'Toyota','Highlander','SUV','Gray',110000,10995.00,'no'),
		(55776,2017,'Nissan','Pathfinder','SUV','Silver',38001,24995.00,'no'),
        (77998,2014,'Toyota','Camry','Sedan','Blue',66001,15995.00,'no'),
		(18224,2018,'Ford','F-150','Truck','Black',32001,31995.00,'yes'),
		(44851,2015,'Honda','CR-V','SUV','Silver',61001,22995.00,'no'),
		(77881,2012,'Chevrolet','Impala','Sedan','Black',88001,14995.00,'no'),
		(94010,2019,'Nissan','Sentra','Sedan','Gray',23001,18995.00,'yes'),
		(22336,2016,'Toyota','Corolla','Sedan','White',45001,16995.00,'no'),
		(66708,2013,'Ford','Edge','SUV','Red',74001,17995.00,'no'),
		(88445,2010,'Honda','Fit','Hatchback','Blue',98001,8995.00,'no'),
		(33668,2008,'Chevrolet','Equinox','SUV','Silver',130001,12995.00,'no'),
		(55778,2017,'Nissan','Altima','Sedan','Black',38001,20995.00,'no'),
		(77999,2014,'Toyota','Highlander','SUV','Gray',66001,26995.00,'no'),
		(11225,2018,'Ford','Escape','SUV','White',32001,25995.00,'yes'),
		(44558,2015,'Honda','Civic','Sedan','Red',61002,17995.00,'no'),
		(77882,2012,'Chevrolet','Cruze','Sedan','Gray',88002,9995.00,'no'),
		(99012,2019,'Nissan','Altima','Sedan','Black',23002,21995.00,'yes'),
		(22337,2016,'Toyota','Prius','Hatchback','Green',45002,17995.00,'no'),
		(66778,2013,'Ford','Escape','SUV','Red',74002,13995.00,'no'),
		(88446,2010,'Honda','Civic','Sedan','Gray',98002,8995.00,'no'),
		(33669,2008,'Chevrolet','Tahoe','SUV','White',130002,14995.00,'no'),
		(55779,2017,'Nissan','Pathfinder','SUV','Silver',38002,24995.00,'no'),
		(77993,2014,'Toyota','Camry','Sedan','Blue',66002,15995.00,'no'),
		(18226,2018,'Ford','F-150','Truck','Black',32002,31995.00,'yes'),
		(44559,2015,'Honda','CR-V','SUV','Silver',61002,22995.00,'no'),
		(77883,2012,'Chevrolet','Impala','Sedan','Black',88002,14995.00,'no'),
		(99013,2019,'Nissan','Sentra','Sedan','Gray',23002,18995.00,'yes'),
		(22338,2016,'Toyota','Corolla','Sedan','White',45002,16995.00,'no'),
		(66709,2013,'Ford','Edge','SUV','Red',74002,17995.00,'no'),
		(88447,2010,'Honda','Fit','Hatchback','Blue',98002,8995.00,'no'),
		(33670,2008,'Chevrolet','Equinox','SUV','Silver',130002,12995.00,'no'),
		(77997,2014,'Toyota','Highlander','SUV','Gray',66002,26995.00,'no');
        
INSERT INTO inventory(dealership_id, vin)
	VALUE(3, 10112),
		(8, 37846),
		(5, 44875),
		(7, 27483),
		(2, 56291),
		(1, 93742),
		(4, 65837),
		(2, 34980),
		(9, 82376),
		(8, 48721),
		(6, 15689),
		(5, 72654),
		(10, 36598),
		(6, 84239),
		(10, 20475),
		(1, 61937),
		(10, 50328),
		(3, 10987),
		(7, 78432),
		(4, 27654),
		(1, 62193),
		(5, 43827),
		(4, 89523),
		(7, 12345),
		(3, 67890),
		(9, 24680),
		(8, 13579),
		(2, 98765),
		(1, 54321),
		(7, 55776),
		(3, 77998),
		(8, 18224),
		(5, 44851),
		(7, 77881),
		(2, 94010),
		(1, 22336),
		(4, 66708),
		(2, 88445),
		(9, 33668),
		(8, 55778),
		(6, 77999),
		(5, 11225),
		(1, 44558),
		(4, 77882),
		(10, 99012),
		(6, 22337),
		(7, 66778),
		(4, 88446),
		(1, 33669),
		(7, 55779),
		(3, 77993),
		(2, 18226),
		(10, 44559),
		(8, 77883),
		(3, 99013),
		(9, 22338),
		(10, 66709),
		(7, 88447),
		(4, 33670),
		(10, 77997);
